Community League,Program,Delivery
Alberta Avenue CL,Community Garden,Direct
Alberta Avenue CL,Community use @ Commonwealth,Indirect
Alberta Avenue CL,Compost Sale,Direct
Alberta Avenue CL,Drive-in Movie,Indirect
Alberta Avenue CL,Equipment loans,Direct
Alberta Avenue CL,Free fax & printing,Direct
Alberta Avenue CL,Green Shack,Indirect
Alberta Avenue CL,Ladies Fitness,Direct
Alberta Avenue CL,Neighbour Connect,Direct
Alberta Avenue CL,Spark Youth Camp,Direct
Alberta Avenue CL,Summer Camp,Indirect
Alberta Avenue CL,Urban Pole Walking,Direct
Alberta Avenue CL,Winter games,Direct
Alberta Avenue CL,Adult art night,Direct
Alberta Avenue CL,Math help,Direct
Aldergrove CL,Aldergrove Soccer,Direct
Aldergrove CL,Hatha Yoga,Direct
Aldergrove CL,Zumba,Indirect
Aldergrove CL,Strong by zumba,Indirect
Aldergrove CL,Cadets,Indirect
Aldergrove CL,Northwest Basketball,Indirect
Aldergrove CL,West Edmonton Raiders football,Indirect
Aldergrove CL,Grove City Chorus,Indirect
Allendale CL,Basketball,Direct
Allendale CL,Big Bin,Direct
Allendale CL,Bridge,Direct
Allendale CL,Darts,Direct
Allendale CL,Learn to Skate,Indirect
Allendale CL,Math Club,Indirect
Allendale CL,Playground,Direct
Allendale CL,Skating,Direct
Allendale CL,Tennis,Direct
Allendale CL,Yoga,Indirect
Allendale CL,Zumba,Indirect
Allendale CL,Martial Arts,Indirect
Allendale CL,Green Shack,Indirect
Allendale CL,Winter Shack,Indirect
Allendale CL,Heroes In Training,Indirect
Argyll CL,Yoga,Direct
Argyll CL,Music Drop In,Direct
Argyll CL,Child Drop in,Direct
Aspen Gardens CL,Community Swim Program,Indirect
Aspen Gardens CL,Family Skate Night,Direct
Aspen Gardens CL,Harvest Festival,Direct
Aspen Gardens CL,Home Alone,Direct
Aspen Gardens CL,Kick it to the Curb,Direct
Aspen Gardens CL,Outdoor Skating Rinks,Direct
Aspen Gardens CL,Seniors Grinch Night,Direct
Aspen Gardens CL,Spring Fling,Direct
Aspen Gardens CL,Summer Festival/ BBQ,Direct
Aspen Gardens CL,Summer Greenshack,Indirect
Aspen Gardens CL,Winter Festival,Direct
Aspen Gardens CL,Youth Soccer,Direct
Aspen Gardens CL,Curbside Sharing,Direct
Aspen Gardens CL,EPS Safety Meeting,Indirect
Athlone CL,Junior Forest Wardens,Indirect
Athlone CL,Karate,Direct
"Avonmore CL, The",Babysitting Course,Indirect
"Avonmore CL, The",Community League Day,Direct
"Avonmore CL, The",Family Day Fun Event,Direct
"Avonmore CL, The",Garden Club,Direct
"Avonmore CL, The",Lego Club,Direct
"Avonmore CL, The",Gingerbread Event,Direct
"Avonmore CL, The",Parent and Tots,Direct
"Avonmore CL, The",Green Shack,Indirect
"Avonmore CL, The",Outdoor Soccer,Direct
"Avonmore CL, The",Public Skating and Shinny,Direct
"Avonmore CL, The",Playschool,Indirect
"Avonmore CL, The",Soccer BBQ,Direct
"Avonmore CL, The",Summer Kick Off,Direct
"Avonmore CL, The",Yoga ( 2 classes),Indirect
"Avonmore CL, The",Games Night,Direct
"Avonmore CL, The",Concert Series,Direct
"Avonmore CL, The",Senior Coffee Chat,Direct
"Avonmore CL, The",Big Bin Event,Direct
"Avonmore CL, The",AGM,Direct
"Avonmore CL, The",Halloween Party,Direct
"Avonmore CL, The",Soccer Registration,Direct
Balwin CL,Big Bin Event,Direct
Balwin CL,Kids Hip Hop Dance,Direct
Balwin CL,Kids Movie Night,Direct
Balwin CL,Paint Night - Adult,Direct
Balwin CL,Paint Night - Kids,Direct
Bannerman CL,Bannermania,Direct
Bannerman CL,Baseball,Indirect
Bannerman CL,Community Garden,Direct
Bannerman CL,Corn Roast,Direct
Bannerman CL,Craft Fair,Direct
Bannerman CL,Crib Club,Direct
Bannerman CL,Family Day,Direct
Bannerman CL,Green Shack,Indirect
Bannerman CL,Rink Shack,Direct
Bannerman CL,Softball,Indirect
Bannerman CL,Waking Club,Direct
Bannerman CL,Yoga,Direct
Bannerman CL,Mov'n and Groovin,Direct
Baturyn CL,Line Dancing,Indirect
Baturyn CL,Motor Skill Class,Indirect
Baturyn CL,Playschool,Direct
Baturyn CL,Skating/Shinny,Direct
Beacon Heights CL,Baseball,Indirect
Beacon Heights CL,Nordic  walking,Direct
Beacon Heights CL,Senior Group,Direct
Beacon Heights CL,(ACE ) Abundant Communities,Indirect
Beacon Heights CL,Coffee Group,Direct
Beacon Heights CL,Green Shack Summer program,Indirect
Beacon Heights CL,Social Skate program,Direct
Beacon Heights CL,Tipi Teaching,Indirect
Beacon Heights CL,Community Rec Centre,Indirect
Beacon Heights CL,Cookie decorating Xmas,Direct
Beacon Heights CL,Hockey Shinning,Direct
Beacon Heights CL,Park & Spray Deck,Direct
Beacon Heights CL,Men's shed,Direct
Belgravia CL,Belgravia Playschool,Direct
Belgravia CL,Strength and stretch,Direct
Belgravia CL,Arts & Crafts drop in,Direct
Belgravia CL,Guides,Indirect
Belgravia CL,Soapstone Carving,Direct
Belgravia CL,Bootcamp,Indirect
Belgravia CL,Mat Yoga,Direct
Belgravia CL,Chair Yoga,Direct
Belgravia CL,Knitting Club,Direct
Belgravia CL,Experimental Watercolour,Direct
Belgravia CL,Fit for Life,Direct
Belgravia CL,Sportball,Direct
Belgravia CL,Neighbor to Neighbour,Direct
Belgravia CL,Made in Belgravia,Direct
Belgravia CL,BBQ & Membership Drive,Direct
Belgravia CL,Pumpkin Party,Direct
Belgravia CL,Family Day & Volunteer Appreciation,Direct
Belgravia CL,Hall Hosts,Direct
Belgravia CL,Cooking Up a Story - City of Edmonton,Indirect
Belgravia CL,Babysitting Course,Direct
Belgravia CL,Belgravia Playschool Lantern Party,Direct
Belgravia CL,Belgravia New Mom's Event,Direct
Belgravia CL,Heart Heroes Camp,Indirect
Belgravia CL,Hit That Jive,Indirect
Belgravia CL,Swing Out Edmonton,Indirect
Belgravia CL,Young Life Capernaum,Indirect
Bellevue CL,Christmas Pot Luck,Direct
Bellevue CL,Green Shack Bellevue,Indirect
Bellevue CL,Green Shack Virginia Park,Indirect
Bellevue CL,Pub Night,Direct
Bellevue CL,Community Swim,Indirect
Belmead CL,Parents and Tots,Direct
Belvedere CL,Community Corner,Direct
Belvedere CL,Community Garage Sale,Direct
Belvedere CL,Community Big Bin,Direct
Belvedere CL,Family Halloween,Direct
Belvedere CL,Family Movie Night,Direct
Belvedere CL,Shopping Extravaganzza,Direct
Belvedere CL,Community Cleanup,Direct
Belvedere CL,Community Christmas Dinner,Direct
Belvedere CL,Zumba,Indirect
Belvedere CL,City of Edm Ice Making course,Indirect
Beverly Heights CL,Yoga,Indirect
Beverly Heights CL,Meditation,Indirect
Beverly Heights CL,Belly Dancing,Indirect
Beverly Heights CL,Tot Bike Club,Direct
Beverly Heights CL,Mavens of Beverly,Direct
Beverly Heights CL,Ballroom Dancing,Indirect
Beverly Heights CL,Coffee Club,Direct
Beverly Heights CL,Community Dinners,Direct
Beverly Heights CL,Variety Show,Direct
Beverly Heights CL,Green Shack,Indirect
Beverly Heights CL,Craft Show,Direct
Beverly Heights CL,Community League Day,Direct
Beverly Heights CL,NYE Party,Direct
Beverly Heights CL,Christmas Party,Direct
Beverly Heights CL,New Years Skating,Direct
Beverly Heights CL,Karate,Indirect
Beverly Heights CL,BASS,Direct
Blackmud Creek CL,Allard Skating Rink,Direct
Blackmud Creek CL,Canada Day Celebration,Direct
Blackmud Creek CL,Community League Day,Direct
Blackmud Creek CL,Green Shack,Indirect
Blackmud Creek CL,Learn to Skate,Indirect
Blackmud Creek CL,Outdoor Movie Night,Direct
Blackmud Creek CL,Pop Up Play,Indirect
Blackmud Creek CL,Soccer,Direct
Blackmud Creek CL,Winter Fun Day,Direct
Blue Quill CL,Basketball,Direct
Blue Quill CL,Girl Guides,Indirect
Blue Quill CL,Karate,Direct
Blue Quill CL,Tennis,Direct
Blue Quill CL,Yoga,Direct
Bonnie Doon CL,Craft Nights,Direct
Bonnie Doon CL,Dance,Indirect
Bonnie Doon CL,Games Night,Direct
Bonnie Doon CL,High Fitness,Direct
Bonnie Doon CL,History Tea,Direct
Bonnie Doon CL,Mens Shed,Direct
Bonnie Doon CL,Musikgarten,Direct
Bonnie Doon CL,NFB,Direct
Bonnie Doon CL,Paint a Masterpiece,Direct
Bonnie Doon CL,Pickleball,Direct
Bonnie Doon CL,Playgroup,Direct
Bonnie Doon CL,Potluck,Direct
Bonnie Doon CL,T'ai Chih,Direct
Bonnie Doon CL,Yoga,Direct
Bonnie Doon CL,Zumba,Direct
"Boyle Street CL, The",Badminton,Direct
"Boyle Street CL, The",Hip Hop Rapping,Indirect
"Boyle Street CL, The",Native Drumming,Direct
"Boyle Street CL, The",Open Family Gym Time,Direct
"Boyle Street CL, The",Piu Yum,Indirect
Britannia Youngstown CL,Hallowe'en Party,Direct
Britannia Youngstown CL,Skating Program,Direct
Britannia Youngstown CL,Sum.Craft Fair,Direct
Britannia Youngstown CL,Summer BBQ,Direct
Britannia Youngstown CL,Summer Program,Direct
Britannia Youngstown CL,Xmas Craft Bake sale,Direct
Brookview CL,Community League Event - Movie,Direct
Brookview CL,Cross Country,Direct
Brookview CL,"Fitness Classes - Yoga, Ballroom Dance",Direct
Brookview CL,Front Yard in Bloom,Direct
Brookview CL,Learn to Skate,Indirect
Brookview CL,Pop up Play,Indirect
Brookview CL,Preschool,Indirect
Brookview CL,Seasonal Event,Direct
Brookview CL,Shinny Hockey,Direct
Brookview CL,Swimming,Indirect
Brookview CL,Tennis,Direct
Burnewood CL,Art Class,Indirect
Burnewood CL,Basketball,Direct
Burnewood CL,Denford Park,Indirect
Burnewood CL,Guides,Indirect
Burnewood CL,Karate,Indirect
Burnewood CL,Punjabi Dance,Indirect
Burnewood CL,Scouts,Indirect
Burnewood CL,Sparks,Indirect
Burnewood CL,Sportball,Indirect
Burnewood CL,Tops,Indirect
Caernarvon CL,3 Pitch Tournament,Direct
Caernarvon CL,AGM,Direct
Caernarvon CL,Easter Event,Direct
Caernarvon CL,Glow Stick Walk,Direct
Caernarvon CL,Green Shack,Indirect
Caernarvon CL,Ice Skating,Direct
Caernarvon CL,Santa Breakfast,Direct
Calder CL,Brownies,Indirect
Calder CL,Guides,Indirect
Calder CL,Pathfinders,Indirect
Calder CL,Sparks,Indirect
Calder CL,Wecan,Indirect
Callingwood-Lymburn CL,Bingos,Direct
Callingwood-Lymburn CL,Community Party,Direct
Callingwood-Lymburn CL,Family Skate,Direct
Callingwood-Lymburn CL,Indoor/Outdoor Soccer,Indirect
Callingwood-Lymburn CL,Kites over Callingwood,Direct
Callingwood-Lymburn CL,Playschool,Direct
Callingwood-Lymburn CL,YMCA,Indirect
Cameron Heights CL,Babysitting Course,Indirect
Cameron Heights CL,Chess Program,Indirect
Cameron Heights CL,Community Garage Sale,Direct
Cameron Heights CL,Community Garden,Direct
Cameron Heights CL,Community Swim,Indirect
Cameron Heights CL,Discover Coding Program,Indirect
Cameron Heights CL,Haul It Away Day,Direct
"Canora CL, The",Adult Paint night,Indirect
"Canora CL, The",Ice skating middle school,Indirect
"Canora CL, The",Kids Christmas Party,Direct
"Canora CL, The",Youth Paint night,Indirect
Capilano CL,COE summer camp,Indirect
Capilano CL,Summer Green Shack,Indirect
Carlisle CL,Green Shack,Indirect
Carlisle CL,Gymnastics,Indirect
Carlisle CL,Indoor Soccer,Direct
Carlisle CL,Outdoor Soccer,Direct
Carlisle CL,Shinny Hockey,Direct
Carlisle CL,Yoga,Indirect
Carlisle CL,Zumba,Indirect
Central McDougall CL,,
Chappelle CL,Community League Day,Direct
Chappelle CL,Grinchmas,Direct
Cloverdale CL,art and crafts club,Direct
Cloverdale CL,barre,Indirect
Cloverdale CL,book club,Direct
Cloverdale CL,coed ping pong,Direct
Cloverdale CL,coed pole walking,Direct
Cloverdale CL,friday summer bocce,Direct
Cloverdale CL,games sunday,Direct
Cloverdale CL,indoor playgroup,Direct
Cloverdale CL,sportball,Indirect
Cloverdale CL,wine wednesdays,Direct
Cloverdale CL,yoga,Indirect
Crestwood CL,Candy Cane Lane,Indirect
Crestwood CL,Fitness,Indirect
Crestwood CL,Ladies Hockey,Direct
Crestwood CL,Pre-School Sports,Indirect
Crestwood CL,Soccer,Direct
Cumberland/Oxford CL,Baseball - summer,Both
Cumberland/Oxford CL,Community garden,Direct
Cumberland/Oxford CL,Green shack,Indirect
Cumberland/Oxford CL,Outdoor skating rink,Both
Cumberland/Oxford CL,Soccer - indoor/outdoor,Both
Cumberland/Oxford CL,Soccer training,Indirect
Delton CL,Family Day,Direct
Delton CL,Ginger Bread Decorating,Direct
Delton CL,Green Shack Program,Indirect
Delton CL,Halloween Party,Direct
Delton CL,Membership Brunch,Direct
Delton CL,School's Out Party,Direct
Delton CL,Swing and Skate,Indirect
Delwood CL,Christmas craft sale,Direct
Delwood CL,Christmas turkey bingo,Direct
Delwood CL,Nordic pole walking group,Direct
Delwood CL,babysitting course,Direct
Delwood CL,board games night,Direct
Delwood CL,crafting weekend,Direct
Delwood CL,fall fesitval,Direct
Delwood CL,family card night,Direct
Delwood CL,garage sale,Direct
Delwood CL,karate program,Both
Delwood CL,skating rink,Both
Delwood CL,soccer outdoor,Direct
Delwood CL,youth dances,Direct
Dovercourt CL,Ceramics,Direct
Dovercourt CL,Christmas hampers,Direct
Dovercourt CL,Ice Rink,Direct
Dovercourt CL,Santa Claus parade,Direct
Dovercourt CL,Yoga,Direct
Dovercourt CL,children's Dance,Direct
Dovercourt CL,covid support,Direct
Dovercourt CL,paint night,Direct
Dovercourt CL,seniors drop in,Direct
Downtown Edmonton CL,Beats 'n Eats Picnic and Music,Direct
Downtown Edmonton CL,Christmas Mixer,Direct
Downtown Edmonton CL,CornFest,Direct
Downtown Edmonton CL,Development Committee Meetings,Direct
Downtown Edmonton CL,Garden Committee,Direct
Downtown Edmonton CL,Monthly Socials,Direct
Downtown Edmonton CL,Pancake Breakfast,Direct
Downtown Edmonton CL,Programs Committee,Direct
Downtown Edmonton CL,Spring Cleanup,Direct
Downtown Edmonton CL,The Yards Magazine Launch Parties,Direct
Downtown Edmonton CL,The Yards Magazine Meetings,Direct
Downtown Edmonton CL,Urban Kids Playgroup,Direct
Downtown Edmonton CL,Winterruption Festival,Indirect
Duggan CL,Community Garden,Direct
Duggan CL,Green Shack,Indirect
Duggan CL,Green Shack Winter,Indirect
Duggan CL,Soccer,Direct
Dunluce CL,Adult Ball Tournament,Direct
Dunluce CL,Cardio Pilates,Indirect
Dunluce CL,Dance,Direct
Dunluce CL,Grinch Tree,Direct
Dunluce CL,Learn to Play,Direct
Dunluce CL,PreSchool,Indirect
Dunluce CL,Seniors' Saturday,Direct
Dunluce CL,Sign Night,Direct
Dunluce CL,Youth Soccer,Indirect
Dunluce CL,Youth Softball,Indirect
Eastwood CL,Alley Block Party,Direct
Eastwood CL,Black History Month workshops,Direct
Eastwood CL,Canada Day Festivities,Direct
Eastwood CL,Chili Fest,Direct
Eastwood CL,Coffee House,Direct
Eastwood CL,Community Clean Up,Direct
Eastwood CL,Family Day Festivities,Direct
Eastwood CL,Family Fun Skate,Direct
Eastwood CL,Games Night,Direct
Eastwood CL,Holiday Cheer Event,Direct
Eastwood CL,Meditation,Direct
Eastwood CL,Rink Useage,Direct
Eastwood CL,Snow Removal for Seniors,Direct
Eastwood CL,Volunteer Appreciation Dinner,Direct
Edgemont CL,Bike Ride,Direct
Edgemont CL,Community BBQ,Direct
Edgemont CL,Garbage Clean-up,Direct
Edgemont CL,Neighbourhood Watch,Direct
Edgemont CL,Scavenger Hunt,Direct
Edgemont CL,Traffic Lights Birthday Party,Direct
Edmonton Evergreen CL,Ceramics Program,Direct
Edmonton Evergreen CL,Crib Program,Direct
Edmonton Evergreen CL,Darts Program,Direct
Edmonton Evergreen CL,Family Programs,Direct
Edmonton Evergreen CL,Garden Program,Direct
Edmonton Evergreen CL,Seniors Program,Direct
Edmonton Evergreen CL,Skating,Direct
Edmonton Evergreen CL,TOTS,Direct
Edmonton Evergreen CL,hockey,Direct
Edmonton Rosenthal CL,Stay Safe Program,Indirect
Edmonton Southwood CL,Hockey,Indirect
Edmonton Southwood CL,Learn to Skate,Direct
Edmonton Southwood CL,Soccer,Indirect
Edmonton Southwood CL,Yoga,Direct
Ellerslie CL,Community Garage Sale,Direct
Ellerslie CL,Community League Day,Direct
Ellerslie CL,Community Movie Night,Direct
Ellerslie CL,Community Swim Program,Indirect
Ellerslie CL,Family Dance,Direct
Ellerslie CL,Greenshack Program,Indirect
Ellerslie CL,Popsicles in the Park,Direct
Ellerslie CL,Pumpkin Carving,Direct
Ellerslie CL,Yoga in the Park,Direct
Elmwood CL,Adopt-A-Tomato,Indirect
Elmwood CL,Adult Hip Hop SPRING 8wk,Indirect
Elmwood CL,Age 3&4 Elmwood Children's Dance Class WINTER SESSION 12wk,Indirect
Elmwood CL,Age 3&4 Elmwood Children's Dance Explosion FALL SESSION 8wk,Indirect
Elmwood CL,Age 3&4 Elmwood Children's Dance Explosion SPRING 8wk,Indirect
Elmwood CL,Age 4-6 Elmwood Chidren's Dance Explosion FALL SESSION 8wk,Indirect
Elmwood CL,Age 4-6 Elmwood Children's Dance Explosion SPRING 8wk,Indirect
Elmwood CL,Age 4-6 Elmwood Children's Dance Explosion WINTER SESSION 12,Indirect
Elmwood CL,Because You CAN Canning Workshop,Indirect
Elmwood CL,Book Club,Direct
Elmwood CL,Christmas In Elmwood,Direct
Elmwood CL,Elmwood Book Swap,Direct
Elmwood CL,Elmwood Community League 55th Birthday Party,Direct
Elmwood CL,Elmwood NYE Family Celebration,Direct
Elmwood CL,Elmwood Spook-Tacular:Pumpkin Carving & More,Direct
Elmwood CL,Family Day Sleigh Rides,Direct
Elmwood CL,Girl Power Dance Class (age 5-7) WINTER SESSION 12wk,Indirect
Elmwood CL,High Fitness Adult Class FALL SESSION 8wk,Indirect
Elmwood CL,High Fitness WINTER SESSION (Adult Class) 12 wk,Indirect
Elmwood CL,Kidproof Safety Course,Indirect
Elmwood Park CL,Green Shack,Indirect
Elmwood Park CL,Play group,Direct
Elmwood Park CL,Seasonal Events/BBQ's,Direct
Empire Park SW CL,Art classes,Indirect
Empire Park SW CL,Hatha yoga,Indirect
Empire Park SW CL,Ice skating,Direct
Empire Park SW CL,Krishna Kids,Indirect
Empire Park SW CL,Rubber Stamping,Direct
Empire Park SW CL,Sahaja meditation,Indirect
Empire Park SW CL,Scrapbooking,Direct
Empire Park SW CL,Unpack & Play,Indirect
Empire Park SW CL,Yoga for aging body,Indirect
Ermineskin CL,Big Bin,Direct
Ermineskin CL,Craft Fair,Direct
Ermineskin CL,Dance Moves,Direct
Ermineskin CL,Drop In Yoga,Direct
Ermineskin CL,Garage Sale,Direct
Ermineskin CL,Girl Guide Leader Meeting,Indirect
Ermineskin CL,Green Shack,Indirect
Ermineskin CL,Intelligence,Direct
Ermineskin CL,Pathfinders,Indirect
Ermineskin CL,Photo Album,Direct
Ermineskin CL,Preschool,Direct
Ermineskin CL,Quilting,Direct
Ermineskin CL,Rinks,Direct
Ermineskin CL,Scouts,Indirect
Ermineskin CL,Tutoring,Indirect
Evansdale CL,Hockey,Indirect
Evansdale CL,Skating,Direct
Evansdale CL,Tae Kwon Do,Direct
Evansdale CL,Yoga,Direct
Evansdale CL,Zumba,Direct
Forest Terrace Heights CL,Big Bin Event,Direct
Forest Terrace Heights CL,Community League Yoga Session,Direct
Forest Terrace Heights CL,Creating a wardrobe you adore,Direct
Forest Terrace Heights CL,Freezer Meal Workshop,Indirect
Forest Terrace Heights CL,Halloween Art Event,Direct
Forest Terrace Heights CL,High Fitness,Indirect
Forest Terrace Heights CL,High fitness + Yoga Combo,Indirect
Forest Terrace Heights CL,Home Buyers Info Session,Direct
Forest Terrace Heights CL,Kids Improv,Indirect
Forest Terrace Heights CL,Pancake Breakfast and Rink Party,Direct
Forest Terrace Heights CL,Ski Day,Direct
Forest Terrace Heights CL,Small Business Night,Direct
Forest Terrace Heights CL,U11 Indoor Soccer,Direct
Forest Terrace Heights CL,U11 Outdoor Soccer,Direct
Forest Terrace Heights CL,U17 Outdoor Soccer,Direct
Forest Terrace Heights CL,U19 Indoor Soccer,Direct
Forest Terrace Heights CL,U5 Outdoor Soccer,Direct
Forest Terrace Heights CL,U7 Indoor Soccer,Direct
Forest Terrace Heights CL,U7 Outdoor Soccer,Direct
Forest Terrace Heights CL,U9 Outdoor Soccer,Direct
Forest Terrace Heights CL,Volunteer Appreciation Event,Direct
Forest Terrace Heights CL,What the Crack Chiropractor Session,Indirect
Forest Terrace Heights CL,Yoga,Indirect
Forest Terrace Heights CL,Zumba,Indirect
Fraser CL,Babysitting,Indirect
Fraser CL,Home Alone,Indirect
Fraser CL,Indoor Soccer,Direct
Fraser CL,Outdoor Soccer,Direct
Fraser CL,Playschool,Direct
Fraser CL,Rink,Direct
Fraser CL,Yoga,Indirect
Fulton Meadows CL,Big Bin Event,Direct
Fulton Meadows CL,Block Parties,Direct
Fulton Meadows CL,Community Swim,Direct
Fulton Meadows CL,Easter Egg Hunt,Direct
Fulton Meadows CL,Family Fun Day,Direct
Fulton Meadows CL,Green Shack program,Indirect
Fulton Meadows CL,Pictures with Santa,Direct
Fulton Meadows CL,Summer Fun Day,Direct
Fulton Meadows CL,Xmas Lights contest,Direct
Fulton Meadows CL,board game nights,Direct
Fulton Meadows CL,kids chess club,Indirect
Fulton Place CL,Babysitting Course,Direct
Fulton Place CL,Community Skating,Direct
Fulton Place CL,European Swordsmanship,Indirect
Fulton Place CL,Inertia Fitness,Indirect
"Garneau CL, The",Block Party,Direct
"Garneau CL, The",Community General Meetings,Direct
"Garneau CL, The",Community League Day,Direct
"Garneau CL, The",Garneau Nights Social,Direct
Glastonbury CL,Fall Fun Day,Direct
Glastonbury CL,New Year's Day,Direct
Glastonbury CL,Spring Movie Night,Direct
Glastonbury CL,Summer Fun Shack,Direct
Glengarry CL,2nd Kilkenny Cub Scouts,Indirect
Glengarry CL,Big Bin,Direct
Glengarry CL,City of Edmonton Learn to Skate,Indirect
Glengarry CL,Public Skating,Indirect
Glengarry CL,Senior'Drop-In,Direct
Glenora CL,Badminton,Indirect
Glenora CL,Basketball,Indirect
Glenora CL,Canvas & Cupcakes,Direct
Glenora CL,Fencing,Indirect
Glenora CL,Glenora Preschool,Direct
Glenora CL,Indoor Playground,Direct
Glenora CL,Indoor Soccer,Direct
Glenora CL,Mini Sports,Indirect
Glenora CL,Picnic in the Park,Direct
Glenora CL,Rug Hooking,Indirect
Glenora CL,Winter Carnival,Direct
Glenora CL,Yoga,Indirect
Glenwood CL,Euchre,Direct
Glenwood CL,Family Day,Indirect
Glenwood CL,Party in the Park,Direct
Glenwood CL,board game night,Direct
Glenwood CL,day camp,Direct
Glenwood CL,hockey,Direct
Glenwood CL,skating,Direct
Gold Bar CL,Chill Away event,Indirect
Gold Bar CL,Games Night,Indirect
Gold Bar CL,Home Alone event,Indirect
Gold Bar CL,Kaizen Dojo Karate,Indirect
Gold Bar CL,Mom and Me,Indirect
Gold Bar CL,Yoga Fitness Class,Indirect
Grandview Heights CL,End of year party,Direct
Grandview Heights CL,Green Shack,Indirect
Grandview Heights CL,Halloween Party,Direct
Grandview Heights CL,Karate,Indirect
Grandview Heights CL,Learn to Skate,Indirect
Grandview Heights CL,Meditation,Indirect
Grandview Heights CL,Mindfulness,Indirect
Grandview Heights CL,Parenting,Indirect
Grandview Heights CL,Pick up and chow down,Direct
Grandview Heights CL,Skating,Both
Grandview Heights CL,Summer Camp,Indirect
Grandview Heights CL,Tennis,Both
Greater Windermere CL,Arts Class,Direct
Greater Windermere CL,Easter Egg Hunt,Direct
Greater Windermere CL,GreenShack Ambleside,Indirect
Greater Windermere CL,GreenShack Glenridding,Indirect
Greater Windermere CL,GreenShack Windermere,Indirect
Greater Windermere CL,Halloween,Direct
Greater Windermere CL,Mommy Meetups,Indirect
Greater Windermere CL,Pop Up Play Keswick,Indirect
Greater Windermere CL,Sing Sign Laugh and Learn,Indirect
Greater Windermere CL,Sportball,Indirect
Greater Windermere CL,Windermere Day,Direct
Greater Windermere CL,WinterFest,Direct
Greenfield CL,B Fit 4 Life Yoga (hours; partcipants per session),Indirect
Greenfield CL,Better Body Bootcamp (hours; partcipants per session),Indirect
Greenfield CL,Greenfield Community BBQ,Direct
Greenfield CL,Greenfield New Year's Eve Fireworks,Direct
Greenfield CL,Greenfield Soccer Party,Direct
Greenfield CL,Greenfield Tennis Club (days; # members & lessons players),Direct
Greenfield CL,Hatha Yoga (hours; participants per session),Indirect
Greenfield CL,Inner Song Music(hours; students per session),Indirect
Greenfield CL,Minor Outdoor Soccer (17 teams x 18 games x # of players),Direct
Greenfield CL,Petrolia Sixty Plus (hours; participants/event,Indirect
Greenfield CL,"Rhythm, Rhyme, Storytime (hours; total participants)",Indirect
Greenfield CL,"Strong 30 (hours, participants per class)",Indirect
Greenfield CL,Tai Chi (hours; participants per session),Indirect
Greenfield CL,"The Roving Chessnuts (hours, participants per session)",Indirect
Greenfield CL,eOne Fitness (hours;participants/session),Indirect
Griesbach CL,Baseball,Direct
Griesbach CL,Easter Egg Hunt,Direct
Griesbach CL,Green Shack,Indirect
Griesbach CL,Indoor Minis,Direct
Griesbach CL,Indoor Soccer,Direct
Griesbach CL,Outdoor soccer,Direct
Griesbach CL,Party at the Park,Direct
Grovenor CL,Green Shack,Indirect
Grovenor CL,Jazzercise,Indirect
Grovenor CL,Power Skating,Direct
Grovenor CL,Soccer,Direct
Grovenor CL,Spring Cleanup,Direct
Grovenor CL,yoga,Indirect
Hairsine CL,AGM / Spring Event,Direct
Hairsine CL,AYP Monthly program,Indirect
Hairsine CL,AYP Summer Program,Indirect
Hairsine CL,Community League Day,Direct
Hairsine CL,EMSA Soccer League,Direct
Hairsine CL,Ebbers BBQ meet & greet,Direct
Hairsine CL,Family Day event,Direct
Hairsine CL,Hockey Day at Hairsine,Direct
Hairsine CL,Norwood Drop in,Indirect
Hairsine CL,Skating/Hockey rink,Direct
Hairsine CL,Soccer Summer Clinics,Direct
Hairsine CL,Winter Celebration,Direct
"Hamptons CL, The",Canadian Blood Services - donor sign-up,Direct
"Hamptons CL, The",Chinese Alliance Church Free face masks,Indirect
"Hamptons CL, The",Family Day Jammies and a Movie,Direct
"Hamptons CL, The",Green Shack Program,Direct
"Hamptons CL, The",Hamptons Block Party,Direct
"Hamptons CL, The",Hamptons Community League AGM,Direct
"Hamptons CL, The",Hamptons Needs Assessment Survey,Direct
"Hamptons CL, The",Hamptons Soccer (U4 to U*),Direct
"Hamptons CL, The",Heart in the Hamptons (Covid19 assistance group),Direct
"Hamptons CL, The",Joint Community League Meeting,Direct
"Hamptons CL, The",League Membership Drive,Direct
"Hamptons CL, The",League Reps Spoketo City Council Re: Lewis Farms Rec Centre,Direct
"Hamptons CL, The",Neighbourhood Clean-up,Direct
"Hamptons CL, The",Residential Speed Limit Survey,Direct
"Hamptons CL, The",Snowbank Rinks,Direct
"Hamptons CL, The",Soccer Technical Coach Training,Direct
"Hamptons CL, The",Summer Sport Drop-in,Direct
Hazeldean CL,Easter egg painting,Direct
Hazeldean CL,End of school year,Direct
Hazeldean CL,Get Fit,Indirect
Hazeldean CL,Karate,Indirect
Hazeldean CL,movie night,Direct
Heritage Point CL,Big Bin Event,Direct
Heritage Point CL,Community League Day,Direct
Heritage Point CL,Indoor Soccer 2019,Indirect
Heritage Point CL,July 1 - Canada Day,Direct
Heritage Point CL,Outdoor Soccer,Direct
Heritage Point CL,Summer Green Shack,Indirect
Heritage Point CL,Volunteer Appreciation Event,Direct
High Park CL,50+ diners,Direct
High Park CL,Games night,Direct
High Park CL,Kung Fu,Direct
High Park CL,Membership Breakfast,Direct
High Park CL,Paint night,Direct
High Park CL,Softball bottle drive,Direct
High Park CL,Softball meetings,Direct
High Park CL,Softball practice,Direct
High Park CL,Softball windups,Direct
High Park CL,Yoga,Direct
High Park CL,craft sale,Direct
Highlands and District CL,Bridge Group,Indirect
Highlands and District CL,Community Garden,Indirect
Highlands and District CL,F/W/S Green Shack,Indirect
Highlands and District CL,Growing Changes,Indirect
Highlands and District CL,Historical Society,Indirect
Highlands and District CL,Hockey,Indirect
Highlands and District CL,Learn to Skate,Indirect
Highlands and District CL,Preschool Play Group,Direct
Highlands and District CL,Summer Green Shack,Indirect
Hodgson CL,AGM January 3 2019,Direct
Hodgson CL,"Community Ski Night March 17, 2019",Direct
Hodgson CL,Community Swim,Indirect
Hodgson CL,Fall Green Shack,Indirect
Hodgson CL,"Outdoor Pool Family Evening July 20, 2019",Direct
Hodgson CL,Party in the Park June 16 2019,Direct
Hodgson CL,Playground Porta Potty,Indirect
Hodgson CL,Snowbank Rink,Indirect
Hodgson CL,Spring Clean-up May 5 2019,Direct
Hodgson CL,Summer Green Shack Program,Indirect
Holyrood CL,Babysitting Course,Direct
Holyrood CL,Community Soccer,Direct
Holyrood CL,Community Swim,Indirect
Holyrood CL,Drop-in Playgroup,Direct
Holyrood CL,Green Shack,Indirect
Holyrood CL,Play School,Direct
Holyrood CL,Public Skating,Direct
Holyrood CL,Thursdays on Ice,Direct
Holyrood CL,Winter Playground,Direct
Holyrood CL,Yoga,Direct
Homesteader CL,CommunitySwim 30 each time,Indirect
Homesteader CL,Family Fun,Direct
Homesteader CL,Family Skate,Direct
Homesteader CL,Fun ARama Softball Tourniment,Direct
Homesteader CL,Green Shack 20 daily Participents,Indirect
Homesteader CL,SpringClean up,Direct
Horse Hills CL,Baseball,
Horse Hills CL,Soccer,
Horse Hills CL,ice Rink,
Idylwylde CL,Big Bin and Yard Sale,Direct
Idylwylde CL,Chair yoga,Indirect
Idylwylde CL,Community League Day,Direct
Idylwylde CL,Fitness class,Indirect
Idylwylde CL,Old Fashioned Sunday Fun Day,Direct
Idylwylde CL,Pilates,Indirect
Idylwylde CL,Pots of Colour,Direct
Idylwylde CL,Presentations on Various Topics,Indirect
Idylwylde CL,Summer Block Party,Direct
Idylwylde CL,Yoga,Indirect
Inglewood CL,Community Clean Up,Direct
Inglewood CL,Games Night,Direct
Inglewood CL,Garden,Direct
Inglewood CL,Pancake Breakfast,Direct
Inglewood CL,Pub Night,Direct
Inglewood CL,Skating,Direct
Inglewood CL,Soccer,Direct
Inglewood CL,Swimming,Direct
Inglewood CL,Yoga,Direct
Jasper Park CL,Gymnastica,Indirect
Jasper Park CL,Pickleball,Indirect
Jasper Park CL,Ping Pong,Direct
Jasper Park CL,Playground,Indirect
Jasper Park CL,TOPS,Indirect
Jasper Park CL,Yoga,Indirect
Kenilworth CL,Adult Fitness Classes,Indirect
Kenilworth CL,Adult Social & Sports Events,Direct
Kenilworth CL,Family Ice Trail,Both
Kenilworth CL,Family Socials,Direct
Kenilworth CL,Halloween Dance,Direct
Kenilworth CL,Membership BBQ,Direct
Kenilworth CL,Play School & Toddler Time,Direct
Kenilworth CL,Seniors Monthly Lunch,Both
Kenilworth CL,Winter Skating Rink,Direct
Kensington CL,Board Game Night,Direct
Kensington CL,unpack & play,Indirect
Kensington CL,yoga,Direct
Kilkenny CL,Adult Dance Class,Indirect
Kilkenny CL,Baseball,Direct
Kilkenny CL,Community Breakfast,Direct
Kilkenny CL,Community League Day,Direct
Kilkenny CL,Family Day Activities,Direct
Kilkenny CL,Garage Sale,Direct
Kilkenny CL,"Green Shack, Kilkenny",Indirect
Kilkenny CL,"Green Shack, Mayliewan",Indirect
Kilkenny CL,"Green Shack, Ozerna",Indirect
Kilkenny CL,Halloween Party (Kids),Direct
Kilkenny CL,New Year's Skating and Hot Chocolate,Direct
Kilkenny CL,Playschool,Direct
Kilkenny CL,Skating/Shinny/Hockey,Direct
Kilkenny CL,Soccer - Indoor,Direct
Kilkenny CL,Soccer - Outdoor,Direct
Kilkenny CL,Sports Explorez,Direct
Kilkenny CL,Sports Registation,Direct
Kilkenny CL,Sports Team Pictures,Direct
Kilkenny CL,Sports Wind-Up Parties,Direct
Kilkenny CL,Spring and Fall Clean-Ups,Direct
Kilkenny CL,Summer Festival,Direct
Killarney CL,NA,Direct
King Edward Park CL,Big Bin Event,Direct
King Edward Park CL,Edmontons Littlist Folk Festival,Direct
King Edward Park CL,Financial Training,Indirect
King Edward Park CL,Movie Night,Direct
King Edward Park CL,Reuse Fair,Direct
King Edward Park CL,Tennis Lessons,Indirect
King Edward Park CL,Yoga,Indirect
La Perle CL,Annual AGM,Direct
La Perle CL,C/E Public Engagement,Indirect
La Perle CL,Canadian Blood Services,Indirect
La Perle CL,City of Edmonton Green Shack,Indirect
La Perle CL,City of Edmonton Summer Camp,Indirect
La Perle CL,EMSA West Slurpee Cup,Indirect
La Perle CL,EWZSA Courses,Direct
La Perle CL,Govt. Elections,Indirect
La Perle CL,Janice Friesen,Direct
La Perle CL,Karate,Indirect
La Perle CL,Karate Blackbelt,Indirect
La Perle CL,La Perle C/L Day,Direct
La Perle CL,La Perle C/L Meetings,Direct
La Perle CL,La Perle Playschool,Direct
La Perle CL,La Perle Stars & Cars,Direct
La Perle CL,LaPerle Soccer Reg,Direct
La Perle CL,Laperle Elementary,Indirect
La Perle CL,Life Rescue,Indirect
La Perle CL,Quilts of Valour,Direct
La Perle CL,Tai Chi,Indirect
La Perle CL,Yoga,Indirect
La Perle CL,Zumba,Indirect
Lago Lindo CL,Baseball,Indirect
Lago Lindo CL,Community Swim,Indirect
Lago Lindo CL,Girl Guides,Indirect
Lago Lindo CL,Indoor soccer,Indirect
Lago Lindo CL,Learn to skate,Indirect
Lago Lindo CL,Outdoor Soccer,Indirect
Lago Lindo CL,Pre- school,Indirect
Lago Lindo CL,Scouts,Indirect
Lago Lindo CL,Summer Green Shack,Indirect
Lago Lindo CL,Winter Green shack,Indirect
Lago Lindo CL,Winter Skate,Direct
Lago Lindo CL,Zumba,Direct
Lakewood CL,NA,Indirect
Lansdowne CL,Christmas Party,Direct
Lansdowne CL,Community Day,Direct
Lansdowne CL,Lego Night,Direct
Lansdowne CL,Pop Up Play,Indirect
Lansdowne CL,Soccer,Indirect
Lansdowne CL,Summer BBQ,Direct
Lansdowne CL,Youth Games Night,Direct
Lauderdale CL,Barry's Bench,Direct
Lauderdale CL,Block Party,Direct
Lauderdale CL,Christmas Party,Direct
Lauderdale CL,Egg Hunt,Direct
Lauderdale CL,Halloween Dance,Direct
Lauderdale CL,Mother's Day Social,Direct
Lauderdale CL,Pancake Breakfast,Direct
Lauderdale CL,Tween Dance,Direct
Lauderdale CL,Valentines Dance,Direct
Lauderdale CL,Yoga,Direct
Laurier Heights CL,Block Connecting,Direct
Laurier Heights CL,Canterbury Games,Direct
Laurier Heights CL,Cookie Walk & Artisans' Fair,Direct
Laurier Heights CL,Fitness/Yoga,Indirect
Laurier Heights CL,Harvest Fair,Direct
Laurier Heights CL,Heritage Tea,Direct
Laurier Heights CL,La Leche League,Indirect
Laurier Heights CL,Learn to Paint,Direct
Laurier Heights CL,Neighbourhood Conversations,Direct
Laurier Heights CL,Nordic Walking,Direct
Laurier Heights CL,Playgroup,Direct
Laurier Heights CL,Potlucks,Direct
Laurier Heights CL,Seniors Art Group,Direct
Laurier Heights CL,Sips & Tips,Direct
Laurier Heights CL,"Soccer, Indoor",Both
Laurier Heights CL,"Soccer, Outdoor",Indirect
Laurier Heights CL,Talking Gardens,Direct
Laurier Heights CL,Winter Fun Day,Direct
Leefield CL,Christmas Party,Direct
Leefield CL,Craft sale,Direct
Leefield CL,Halloween Party,Direct
Leefield CL,Outdoor Movies,Direct
Leefield CL,Preteen Dances,Direct
Leefield CL,Pub Night,Direct
Leefield CL,Scrapbooking,Direct
Leefield CL,Thanksgiving Party,Indirect
Leefield CL,Volunteer Appreciation,Direct
Leefield CL,Zumba,Direct
Lendrum CL,Craft Group,Direct
Lendrum CL,Family Futures Network,Indirect
Lendrum CL,Fitness,Direct
Lendrum CL,Men's Night,Direct
Lendrum CL,Pottery,Direct
Lendrum CL,Rangers,Indirect
Lendrum CL,Seniors Line Dancing,Indirect
Lendrum CL,Shinny,Direct
Lendrum CL,Soccer,Direct
Lendrum CL,Sparks,Indirect
Lendrum CL,Tai Chi,Direct
Lendrum CL,Yoga,Direct
"Lessard CL, The",Annual BBQ,Direct
"Lessard CL, The",Big Bin Event,Direct
"Lessard CL, The",Craft Sales,Indirect
"Lessard CL, The",Family Day Event,Direct
"Lessard CL, The",Girl Guides,Indirect
"Lessard CL, The",Lessard Playschool,Direct
"Lessard CL, The",Mommy Connections,Indirect
"Lessard CL, The",Soccer,Direct
"Lessard CL, The",Ukrainian Dance,Indirect
"Lessard CL, The",Yoga,Indirect
Lewis Estates CL,Winter carnival,Direct
Lewis Estates CL,bin event,Direct
Lewis Estates CL,community garden,Direct
Lewis Estates CL,garage sale,Direct
Lewis Estates CL,golf tournament,Both
Lewis Estates CL,movie night,Direct
Lewis Estates CL,summer pancake breakfast,Direct
"Londonderry CL, The",Crib Night,Direct
"Londonderry CL, The",Karate,Direct
"Londonderry CL, The",Morning Coffee Group,Direct
Lorelei Beaumaris CL,Engineering for Kids Camp,Direct
Lorelei Beaumaris CL,Family Fun Day,Direct
Lorelei Beaumaris CL,Indoor Soccer,Direct
Lorelei Beaumaris CL,Public Skating,Direct
Lorelei Beaumaris CL,Skate with Santa,Direct
Lorelei Beaumaris CL,Soccer Program,Direct
Lorelei Beaumaris CL,Summer Bike Camp,Indirect
Lorelei Beaumaris CL,Summer Green Shack,Indirect
Lorelei Beaumaris CL,Summer Sizzler,Indirect
Lorelei Beaumaris CL,Teen dance,Indirect
Lorelei Beaumaris CL,Winter Green Shack,Indirect
Lorelei Beaumaris CL,Winter Learn to Skate,Indirect
Lynnwood CL,Movie Nights,Direct
Lynnwood CL,Yoga,Indirect
Lynnwood CL,community craft sale,Indirect
Lynnwood CL,coyote info session,Direct
Lynnwood CL,good samaritans,Indirect
Lynnwood CL,green shack winter,Indirect
Lynnwood CL,meetings,Direct
Lynnwood CL,scouts#brownies,Indirect
Malmo Plains CL,Bridge Club,Direct
Malmo Plains CL,City of Edmonton (Community Renewal),Indirect
Malmo Plains CL,Easter egg hunt,Direct
Malmo Plains CL,Girl Scouts,Indirect
Malmo Plains CL,Green Shack,Indirect
Malmo Plains CL,Infra Renewal Committee,Direct
Malmo Plains CL,Malmo Pre-K Parents Assoc,Indirect
Malmo Plains CL,Movie night,Direct
Malmo Plains CL,Scrapbooking,Direct
Malmo Plains CL,Spaghetti Dinner,Direct
Malmo Plains CL,Volleyball,Indirect
Malmo Plains CL,Winter Carnival,Direct
Mayfield CL,Brownies/Guides,Indirect
Mayfield CL,Seniors,Direct
Mayfield CL,Unpack N Play,Indirect
Mayfield CL,Yoga,Indirect
McCauley CL,Christmas Party,Direct
McCauley CL,Guitar Program,Indirect
McCauley CL,Halloween Party,Direct
McCauley CL,Movie Night,Direct
McCauley CL,Sports Program,Direct
McCauley CL,Swimming,Direct
McKernan CL,Big Bin Event,Direct
McKernan CL,Community BBQ,Direct
McKernan CL,Garden Club,Direct
McKernan CL,Holiday Pot Luck,Direct
McKernan CL,Playgroup,Both
McKernan CL,Public Skating Rink,Direct
McLeod CL,3v3 Hocky,Direct
McLeod CL,Dance,Direct
McLeod CL,Family social events,Direct
McLeod CL,Family swim,Direct
McLeod CL,Movie nights,Direct
McLeod CL,Soccer,Direct
McLeod CL,Softball,Direct
McLeod CL,Softball,Direct
McLeod CL,Sport explorez,Direct
McQueen CL,Community League Day,Direct
McQueen CL,Craft Sale,Direct
McQueen CL,Family Day Event,Direct
McQueen CL,Indoor Playground,Direct
McQueen CL,Kids Christmas Party,Direct
McQueen CL,Movie Nights,Direct
McQueen CL,Pizza Nights,Direct
McQueen CL,Pub Night,Direct
McQueen CL,Seniors Social Tea,Direct
McQueen CL,Yoga,Indirect
Meadowlark CL,family day,Direct
Meadowlark CL,green shack,Direct
Meadowlark CL,mom/baby fitness,Direct
Meadowlark CL,pack/play,Direct
Meadowlark CL,square dance,Direct
Meadowlark CL,summer camp,Indirect
Meadowlark CL,zumba fitness,Indirect
"Meadows CL, The",Arts in the Meadows,Direct
"Meadows CL, The",Community Holiday Party,Direct
"Meadows CL, The",Community Skating Program,Direct
"Meadows CL, The",Family Outdoor Movie Nights,Direct
"Meadows CL, The",Family Ski Night,Direct
"Meadows CL, The",Family Swims,Indirect
"Meadows CL, The",Gingerbread Contest Entry (we won!!),Indirect
"Meadows CL, The",Knitting the Neighbourhood,Indirect
"Meadows CL, The",Sportball,Indirect
"Meadows CL, The",Tea Connections,Indirect
"Meadows CL, The",Zumba,Indirect
Millhurst CL,AIMBOT,Direct
Millhurst CL,Breakfast with Santa,Direct
Millhurst CL,Chocolate Making,Direct
Millhurst CL,Community Clean up,Direct
Millhurst CL,Community League Day,Direct
Millhurst CL,Family swim,Indirect
Millhurst CL,First Aid,Direct
Millhurst CL,Meyokumin Ice Rinks,Direct
Millhurst CL,Stem Robotics,Direct
Millhurst CL,hockey,Indirect
Millhurst CL,painting,Direct
Millhurst CL,soccer,Indirect
Millhurst CL,wire craft,Direct
Millhurst CL,yoga,Direct
Montrose CL,CL day event,Direct
Montrose CL,Christmas event,Direct
Montrose CL,Dumpster day,Direct
Montrose CL,Halloween event,Direct
Montrose CL,New years eve,Direct
Montrose CL,family day event,Direct
Montrose CL,green shack,Indirect
Montrose CL,skating,Direct
Montrose CL,swim program,Indirect
Montrose CL,yoga,Direct
Newton CL,Art Class,Direct
Newton CL,Baseball,Indirect
Newton CL,Belly Dancing,Direct
Newton CL,Boxing,Direct
Newton CL,Community Swim,Indirect
Newton CL,Cooking Class,Direct
Newton CL,Family skate,Direct
Newton CL,Hockey Shinny,Direct
Newton CL,Indoor Soccer,Indirect
Newton CL,Learn to Skate,Indirect
Newton CL,Nordic Walking,Direct
Newton CL,Outdoor Soccer,Indirect
Newton CL,Pilates,Direct
Newton CL,Senior Program,Direct
Newton CL,Summer Green Shack,Indirect
Newton CL,Yoga,Direct
North Glenora CL,Adult Programs,Direct
North Glenora CL,Cards and Welcoming,Direct
North Glenora CL,Family Programs,Direct
North Glenora CL,Indoor Playground,Direct
North Glenora CL,Neighbourhood club,Direct
North Glenora CL,Newsletter,Direct
North Glenora CL,Playschool,Direct
North Glenora CL,Sports,Direct
North Millbourne CL,Flirty Girl,Direct
North Millbourne CL,Improv,Direct
North Millbourne CL,TRX,Direct
North Millbourne CL,Yoga Flow,Direct
North Millbourne CL,Zumba,Direct
Northmount CL,Community Garage Sale,Direct
Northmount CL,Craft Nights,Direct
Northmount CL,Family Halloween Fun Night,Direct
Northmount CL,Hapkido,Direct
Northmount CL,Ladies Night,Direct
Northmount CL,Park Night,Direct
Northmount CL,Pride in the Park,Direct
Northmount CL,Soccer,Indirect
Northmount CL,Softball Tournament,Direct
Northmount CL,Sport Exploerz,Direct
Northmount CL,Superhero Day,Direct
Northmount CL,Yoga,Direct
Oak Hills CL,Access to Edmonton Tool Library,Indirect
Oak Hills CL,Art in Our Park (community day event),Indirect
Oak Hills CL,Christmas Light Engagement,Direct
Oak Hills CL,Community Swim/Fitness Program,Indirect
Oak Hills CL,Family Games Night,Both
Oak Hills CL,Family Ski Day,Both
Oak Hills CL,First Aid/CPR Course,Both
Oak Hills CL,Front Yards in Bloom,Indirect
Oak Hills CL,Green Shack kids play Program,Indirect
Oak Hills CL,Halloween Event (Spooky Hills Cresc),Direct
Oak Hills CL,Leger Fence Painting Activity/Community Engagement,Direct
Oak Hills CL,Lil Sprouts/SW Edm Farmers Mkt Program,Indirect
Oak Hills CL,Nature Walk/Meet Your Neighbour (Carter Park),Direct
Oak Hills CL,OHCL Family Movie Day,Both
Oak Hills CL,OHCL Winter Family Festival (Great Cdn Winter Festival),Direct
Oak Hills CL,Riverbend CL Family Winter Festival,Indirect
Oak Hills CL,SWESA Live Active Seniors Expo,Indirect
Oak Hills CL,TRAC Family Run,Indirect
Oak Hills CL,Tennis Access Program (summer),Indirect
Oak Hills CL,The Ridge CL Family New Years Eve Event,Indirect
Oak Hills CL,Winter Cross Country Ski Trails-Groomed/established,Both
Ogilvie Ridge CL,Big Bin,Direct
Ogilvie Ridge CL,Concert in the park,Direct
Ogilvie Ridge CL,Front Yard in Bloom,Indirect
Ogilvie Ridge CL,Halloween Party,Direct
Ogilvie Ridge CL,Volunteer dinner,Indirect
Ogilvie Ridge CL,Winter Planter,Direct
Oliver CL,Bike Show and Shine,Direct
Oliver CL,Canada Day Pancake Breakfast,Direct
Oliver CL,Community NFP Mixer,Direct
Oliver CL,Edmonton Marathon Cheer,Direct
Oliver CL,Family Day Skate,Direct
Oliver CL,Federal Election Forum,Direct
Oliver CL,Halloween in Oliver,Direct
Oliver CL,Monthly Picnic in the Park,Direct
Oliver CL,Monthly Pub Crawl,Direct
Oliver CL,Seniors Tea and Social,Direct
Oliver CL,The Yards Magazine Launches,Indirect
Ottewell CL,Big Bin Event,Direct
Ottewell CL,Christmas celebrations,Direct
Ottewell CL,Community meetings,Direct
Ottewell CL,Cooking classes,Indirect
Ottewell CL,Craft classes,Direct
Ottewell CL,Family Day event,Direct
Ottewell CL,Fiesta Night,Direct
Ottewell CL,Girl Guides,Indirect
Ottewell CL,Membership Drive,Direct
Ottewell CL,Movie Night,Direct
Ottewell CL,Open Mic Night,Direct
Ottewell CL,Pub Night,Direct
Ottewell CL,Public seminars,Indirect
Ottewell CL,Skating rink nights,Direct
Ottewell CL,Soccer,Indirect
Ottewell CL,Soccer Wind up,Direct
Ottewell CL,Yoga,Indirect
Ottewell CL,Zumba,Indirect
Parkallen CL,Babysitting course,Direct
Parkallen CL,Block Party,Direct
Parkallen CL,Easter Egg Hunt,Direct
Parkallen CL,Easter Egg Stuffing,Direct
Parkallen CL,Exercise classes,Direct
Parkallen CL,Halloween Warm Up,Direct
Parkallen CL,Movie Night,Direct
Parkallen CL,Pub Night,Direct
Parkallen CL,Seniors Dinner,Direct
Parkallen CL,Skating,Direct
Parkallen CL,Snow Fest,Direct
Parkallen CL,Soccer in/out/summer,Direct
Parkallen CL,Summer Program,Direct
Parkallen CL,Youth Night,Direct
Parkdale Cromdale CL,2019 Harvest Dinner Celebration,Direct
Parkdale Cromdale CL,All-Candidates Election Forum,Direct
Parkdale Cromdale CL,Barre Night: Yoga,Direct
Parkdale Cromdale CL,Beginner Sewing with Margaret Gilbertson,Direct
Parkdale Cromdale CL,Block Party: Cromdale Edition,Direct
Parkdale Cromdale CL,Change Health Community Program,Direct
Parkdale Cromdale CL,Collective Kitchen,Direct
Parkdale Cromdale CL,Community Mediation Clinic Open House,Indirect
Parkdale Cromdale CL,CreArt,Direct
Parkdale Cromdale CL,Family-Friendly Yoga,Direct
Parkdale Cromdale CL,Father's Day BBQ Picnic,Direct
Parkdale Cromdale CL,First PCCL Summer Fieldtrip,Indirect
Parkdale Cromdale CL,Great Canadian Nature Break Group,Direct
Parkdale Cromdale CL,Grower's Dozen Community Garden,Direct
Parkdale Cromdale CL,Hygge 101,Direct
Parkdale Cromdale CL,Hygge for the Holidays (PCCL Community Xmas Party),Direct
Parkdale Cromdale CL,Ice Rink & Mini Olympics,Direct
Parkdale Cromdale CL,Immigration: Sponsorship & Family Applications,Direct
Parkdale Cromdale CL,Kinnaird Ravine History/Nature Walk,Indirect
Parkdale Cromdale CL,Kinnaird Ravine Mural Project,Indirect
Parkdale Cromdale CL,Lantern Making Workshops,Indirect
Parkdale Cromdale CL,Learn to Skate Drop-In,Indirect
Parkdale Cromdale CL,Lessons from EPS,Direct
Parkdale Cromdale CL,Mile Zero Children's Dance,Indirect
Parkdale Cromdale CL,Mother's Day Potluck Brunch & Plant Swap,Direct
Parkdale Cromdale CL,Multiculturalism Day Potluck,Direct
Parkdale Cromdale CL,Musical Mama's Fab 5,Indirect
Parkdale Cromdale CL,Musical Mama's Society Season 5,Indirect
Parkdale Cromdale CL,NBA Finals Watch Party,Direct
Parkdale Cromdale CL,New Year's Brunch & Skate,Direct
Parkdale Cromdale CL,PCCL Board Meeting,Direct
Parkdale Cromdale CL,PCCL Children Piano / Music Class,Direct
Parkdale Cromdale CL,PCCL Community Garage Sale,Direct
Parkdale Cromdale CL,PCCL Garden Party (Potluck Brunch),Direct
Parkdale Cromdale CL,PCCL Heroes in Training,Indirect
Parkdale Cromdale CL,PCCL Ice Making Party,Direct
Parkdale Cromdale CL,PCCL Ice Rink Kick-Off Meeting,Direct
Parkdale Cromdale CL,PCCL Mural Workshop,Direct
Parkdale Cromdale CL,PCCL Neighbour Connect,Direct
Parkdale Cromdale CL,PCCL Pub Night,Direct
Parkdale Cromdale CL,PCCL Spring Clothing Swap,Direct
Parkdale Cromdale CL,PCCL Talking Circle,Direct
Parkdale Cromdale CL,Paint-a-Piano Party,Direct
Parkdale Cromdale CL,Parkdale Playtime,Indirect
Parkdale Cromdale CL,Spring Neighbourhood Clean-up,Direct
Parkdale Cromdale CL,Tango with Vince Davis,Indirect
Parkdale Cromdale CL,Taste of Parkdale Cromdale,Direct
Parkview CL,Adult Halloween Party,Direct
Parkview CL,Babysitting Course,Indirect
Parkview CL,Brownies,Indirect
Parkview CL,Chess Club,Indirect
Parkview CL,Christmas Craft Sale,Direct
Parkview CL,City Camp,Indirect
Parkview CL,Community Newesleter,Direct
Parkview CL,Dance Moves,Indirect
Parkview CL,Family Skate,Direct
Parkview CL,Food Truck Event,Direct
Parkview CL,Gaelic Group,Indirect
Parkview CL,Girl Guides,Indirect
Parkview CL,Hall Rentals,Direct
Parkview CL,Home Alone Course,Indirect
Parkview CL,Karate,Indirect
Parkview CL,Kids Halloween Party,Direct
Parkview CL,Movie Day,Direct
Parkview CL,New Year Potluck,Direct
Parkview CL,Pancake Breakfast,Direct
Parkview CL,Preschool,Direct
Parkview CL,Skating,Direct
Parkview CL,Soccer,Direct
Parkview CL,Summer Camps,Indirect
Parkview CL,Swimming,Direct
Parkview CL,Tot Time,Direct
Parkview CL,Volunteer Appreciation,Direct
Parkview CL,Yarn Night,Direct
Parkview CL,Yoga,Indirect
Pleasantview CL,Green shack,Indirect
Pleasantview CL,Halloween Social,Direct
Pleasantview CL,Thanksgiving potluck,Direct
Pleasantview CL,Yoga/Fitness,Indirect
Pleasantview CL,zumba,Indirect
Prince Charles CL,A Pot of Every Porch (May),Direct
Prince Charles CL,Big Bin Event (July),Direct
Prince Charles CL,Casino (May 2019),Indirect
Prince Charles CL,Christmas House Decorating,Direct
Prince Charles CL,Community Garage Sale (July),Direct
Prince Charles CL,Community League Day (Sept),Direct
Prince Charles CL,Community Webpage (ongoing),Direct
Prince Charles CL,Edmonton Tool Library (year round),Indirect
Prince Charles CL,Free Swim (City of Edm),Indirect
Prince Charles CL,Greenshack (stats available through City of Edm),Indirect
Prince Charles CL,Halloween Decorating Contest (Oct),Direct
Prince Charles CL,Movie Night (Aug),Direct
Prince Charles CL,Newsletter (delivered to every household/business),Direct
Prince Charles CL,Sleigh Ride (Dec),Direct
Prince Charles CL,Social Media/Community Facebook (ongoing),Direct
Prince Rupert CL,Big Bin Event,
Prince Rupert CL,Family Day,
Prince Rupert CL,May day,
Prince Rupert CL,Roots for Trees,
Prince Rupert CL,Xmas Social,
Queen Alexandra CL,COVID Community Assistance,Direct
Queen Alexandra CL,Games Night,Direct
Queen Alexandra CL,Green Shack,Indirect
Queen Alexandra CL,Holiday Potluck,Direct
Queen Alexandra CL,Playgroup,Direct
Queen Alexandra CL,QA Watch,Direct
Queen Alexandra CL,QUACKS,Direct
Queen Alexandra CL,Scona Swim Pass,Indirect
Queen Alexandra CL,Zumba,Indirect
Queen Mary Park CL,Annual General Meeting,Direct
Queen Mary Park CL,Candidate Forum,Direct
Queen Mary Park CL,Community Bin,Direct
Queen Mary Park CL,Community Day BBQ,Direct
Queen Mary Park CL,Community Swim weekly,Indirect
Queen Mary Park CL,Federal Candidate Forum,Indirect
Queen Mary Park CL,Guitar Lessons,Direct
Queen Mary Park CL,Hall Decorating,Direct
Queen Mary Park CL,Halloween,Direct
Queen Mary Park CL,Ladies Swap and Shop,Direct
Queen Mary Park CL,New Years Eve,Direct
Queen Mary Park CL,Pancake Supper,Direct
Queen Mary Park CL,Volunteer Appreciation,Direct
Queen Mary Park CL,Winter Fest,Direct
Queen Mary Park CL,Yoga Weekly,Indirect
Queen Mary Park CL,Zumba Weekly,Indirect
"Ridge CL, The",Green Shack,Indirect
"Ridge CL, The",New Year's Eve Family Fireworks and Party,Direct
"Ridge CL, The",Snowbank Skating Rink,Direct
"Ridge CL, The",Weekly Swim Program,Indirect
Ridgewood CL,Children's Yoga,Indirect
Ridgewood CL,Community Garden Grand Opening,Direct
Ridgewood CL,Community Garden Harvest,Direct
Ridgewood CL,Community Garden Meeting,Direct
Ridgewood CL,Dance Moves,Indirect
Ridgewood CL,Fall into Fitness,Indirect
Ridgewood CL,Family Day,Direct
Ridgewood CL,Family Movie Night,Direct
Ridgewood CL,Family Spirit Martial Arts,Indirect
Ridgewood CL,Gail's X's,Direct
Ridgewood CL,Garden Work Bee,Direct
Ridgewood CL,Math/Reading,Indirect
Ridgewood CL,Sport Ball,Indirect
Ridgewood CL,Volunteer BBQ,Direct
Ridgewood CL,Volunteer/Executive Christmas Party,Indirect
Rio Terrace CL,Ace Tennis Academy,Indirect
Rio Terrace CL,Big Bin Event,Direct
Rio Terrace CL,Bike Parade,Direct
Rio Terrace CL,Chinese martial arts academy,Indirect
Rio Terrace CL,Community Swim,Indirect
Rio Terrace CL,Green Shack,Indirect
Rio Terrace CL,Halloween party,Direct
Rio Terrace CL,Hata Yoga,Indirect
Rio Terrace CL,Jujitsu - Adult,Indirect
Rio Terrace CL,Jujitsu - Kids,Indirect
Rio Terrace CL,Portable toilets,Direct
Rio Terrace CL,Rio Terrace Preschool,Direct
Rio Terrace CL,Skating,Direct
Rio Terrace CL,Soccer,Direct
Ritchie CL,DanceCamp (Full Day),Direct
Ritchie CL,Teen Shakespeare,Direct
Ritchie CL,Bridge,Direct
Ritchie CL,Crib,Direct
Ritchie CL,DanceCamp (),Direct
Ritchie CL,Dancepl3y,Direct
Ritchie CL,Fit For Life,Direct
Ritchie CL,Get Fit,Direct
Ritchie CL,Karate,Indirect
Ritchie CL,Preschool Playgroup,Direct
Ritchie CL,Scona Seniors,Indirect
Ritchie CL,Solo Parenting,Direct
Ritchie CL,Song Circle,Direct
Ritchie CL,Taiji,Direct
Ritchie CL,Ukulele,Direct
Ritchie CL,Yoga,Direct
Ritchie CL,Youth Group,Direct
Ritchie CL,Zumba,Direct
Riverbend CL,Art in Our Park,Direct
Riverbend CL,Bedding Plant Sale,Direct
Riverbend CL,Brander Community Garden,Direct
Riverbend CL,Brownies/Sparks/Scouts,Indirect
Riverbend CL,Family Skate Fest,Direct
Riverbend CL,Green Shack Summer Program,Indirect
Riverbend CL,Kids Learn to Play Tennis,Direct
Riverbend CL,Peanut Butter and Jam Playgroup,Direct
Riverbend CL,Riverbend Playschool,Indirect
Riverbend CL,Seniors Bridge,Direct
Riverbend CL,Yoga Classes,Direct
Riverdale CL,Afterschool Club,Direct
Riverdale CL,Badminton,Direct
Riverdale CL,Canada Day,Direct
Riverdale CL,Community League Day,Direct
Riverdale CL,Daycare,Direct
Riverdale CL,Morning Cluv,Direct
Riverdale CL,Soccer,Direct
Riverdale CL,Yoga,Indirect
Rossdale CL,Summer camp,Indirect
Rossdale CL,Yoga,Indirect
Rossdale CL,Yoga,Indirect
Rosslyn CL,Dance,Direct
Rosslyn CL,Karate,Direct
Royal Gardens CL,NA,
Secord CL,2019 Big Bin Event,Direct
Secord CL,2019 Community Garage Sale,Direct
Secord CL,2019 Community League Day,Direct
Secord CL,2019 Skating Rink,Direct
Secord CL,2019 Summer Festival,Direct
Secord CL,Babysitting Course,Indirect
Secord CL,Green Shack,Indirect
Secord CL,Martial Arts Class,Indirect
Sherbrooke CL,Dance/Theater Classes,Indirect
Sherbrooke CL,EMSA soccer,Direct
Sherbrooke CL,Nerf Party,Direct
Sherbrooke CL,Skating Rink (2) with equipment and concession,Direct
Sherbrooke CL,Sleepover,Direct
Sherbrooke CL,TaiChi,Direct
Sherbrooke CL,Unpack and Play,Indirect
Sherbrooke CL,Yoga,Indirect
South Clareview CL,City Summer Camp,Indirect
South Clareview CL,Community Swim,Indirect
South Clareview CL,PlaySchool,Direct
South Clareview CL,Rink Operations,Direct
South Clareview CL,Seniors Hub,Direct
South Clareview CL,Soccer,Direct
South Clareview CL,Tai Chi,Indirect
South Clareview CL,Winter Green Shack,Indirect
Spruce Avenue CL,Learn to skate,Direct
Steele Heights CL,City Camps,Indirect
Steele Heights CL,Cubs of Canada,Indirect
Steele Heights CL,Green Shack,Indirect
Steele Heights CL,Punjabi Folk Dance,Indirect
Steele Heights CL,Soccer Program,Direct
Steele Heights CL,Ukaranian Dance,Direct
Steele Heights CL,Zumba,Direct
Strathcona CL,Adult Hockey,Direct
Strathcona CL,Art Classes,Direct
Strathcona CL,Art camp,Direct
Strathcona CL,Big Bin,Direct
Strathcona CL,Crafts,Direct
Strathcona CL,Fall Barbeque,Direct
Strathcona CL,Fun Hocky,Direct
Strathcona CL,Funball,Direct
Strathcona CL,Indoor Soccer,Direct
Strathcona CL,Learn to Skate,Direct
Strathcona CL,Move with Ease & Joy,Direct
Strathcona CL,Movie Night,Direct
Strathcona CL,Open Skate,Direct
Strathcona CL,Outdoor Soccer,Direct
Strathcona CL,Pilot Off Leash Dog Park,Direct
Strathcona CL,Playgroup,Direct
Strathcona CL,Pop Up and Play,Indirect
Strathcona CL,Pound Fitness,Direct
Strathcona CL,Pub Night/Family Night,Direct
Strathcona CL,Skating Small Rink,Direct
Strathcona CL,Soccer Kick Off,Direct
Strathcona CL,Soccer registration,Direct
Strathcona CL,Spy camp,Direct
Strathcona CL,Summer Day Camp/City,Indirect
Strathcona CL,Urban Pole Walking,Direct
Strathcona CL,Winterfest,Direct
Strathcona CL,Yoga Classes,Direct
Strathcona CL,Youth Hockey,Direct
Strathcona CL,Zumba classes,Direct
Strathcona CL,Zumba/Pound,Direct
Strathearn CL,A/V Club,Direct
Strathearn CL,Art Walk (Meeting),Direct
Strathearn CL,Barre Class,Indirect
Strathearn CL,Community LRT Closure Info Sessions,Direct
Strathearn CL,Free Community Swim,Indirect
Strathearn CL,Games Night,Direct
Strathearn CL,Garden Club,Direct
Strathearn CL,Green Shack Shaker,Direct
Strathearn CL,Hayrides & Hot Chocolate,Direct
Strathearn CL,Hula Class,Indirect
Strathearn CL,Kompany Fam Theatre Class,Indirect
Strathearn CL,Kompany Theatre Camp,Indirect
Strathearn CL,Stay & Play Kids Playgroup,Direct
Strathearn CL,Strathearn Art Walk,Direct
Strathearn CL,Summer Concert Series (Free),Direct
Strathearn CL,Super Bowl Event,Indirect
Strathearn CL,Supervised Skating,Direct
Strathearn CL,Table Tennis,Direct
Strathearn CL,Wired Wednesday,Direct
Strathearn CL,Yoga Class,Indirect
Summerlea CL,Big Bin Event,Direct
Summerlea CL,Picnic In Park,Indirect
Summerside CL,Community League Day,Direct
Summerside CL,Fun in the Sun,Direct
Summerside CL,League Night at Brewsters,Both
Summerside CL,Play Street,Direct
Summerside CL,Snowflake Festival,Direct
Terwillegar CL,Canada Day,Direct
Terwillegar CL,Community BBQs,Direct
Terwillegar CL,Community garage sale,Direct
Terwillegar CL,Community swim,Indirect
Terwillegar CL,Craft sales,Direct
Terwillegar CL,Family Day event,Direct
Terwillegar CL,Halloween fireworks,Indirect
Terwillegar CL,Local paper (Tribune(,Direct
Terwillegar CL,Outdoor movie nights,Direct
Terwillegar CL,Porta potties,Indirect
Thorncliff CL,Capital City Clean-up,Direct
Thorncliff CL,Community Garden,Direct
Thorncliff CL,Community Yard Sale,Direct
Thorncliff CL,Drop-in Soccer,Direct
Thorncliff CL,Green Shack,Indirect
Thorncliff CL,Skating - Public,Direct
Thorncliff CL,Skating - Thorncliff School,Indirect
Thorncliff CL,Winterfest,Direct
Thorncliff CL,Youth Appreciation BBQ,Direct
Twin Brooks CL,Community Garden,Direct
Twin Brooks CL,H.I.I.T,Indirect
Twin Brooks CL,Outrdoor / Ice Skating,Direct
Twin Brooks CL,SWIM -Terwillegar Rec centre,Direct
Twin Brooks CL,Seniors Innovative FUnd,Direct
Twin Brooks CL,Soccer,Direct
Twin Parks CL,Ancient Arms Club,Indirect
Twin Parks CL,Bible Study,Indirect
Twin Parks CL,Community League Meetings,Direct
Twin Parks CL,Cow Bus,Indirect
Twin Parks CL,Fun Team Ball Hockey,Direct
Twin Parks CL,Nerf NIght,Direct
Twin Parks CL,Wandering Woolies,Indirect
Wedgewood Ravine CL,Block parties,Direct
Wedgewood Ravine CL,Boot camp,Direct
Wedgewood Ravine CL,Free swimming,Indirect
Wedgewood Ravine CL,Garage Sale,Direct
Wedgewood Ravine CL,Green Shack Summer program,Indirect
Wedgewood Ravine CL,Movie night,Direct
Wedgewood Ravine CL,Spring Party,Direct
Wedgewood Ravine CL,Winter Carnaval,Direct
"Wellington Park CL, The",Fitness,Direct
"Wellington Park CL, The",Green Shack Summer Program,Indirect
"Wellington Park CL, The",Leisure,Direct
"Wellington Park CL, The",Playschool,Direct
"Wellington Park CL, The",Scouts Canada,Direct
"Wellington Park CL, The",Softball,Direct
"Wellington Park CL, The",Winter Shack Program,Indirect
West Jasper Sherwood CL,Carpet Bowling,Indirect
West Jasper Sherwood CL,Cribbage Tournaments,Indirect
West Jasper Sherwood CL,Progressive Rummy Card Game,Indirect
West Jasper Sherwood CL,Whist Card Game,Indirect
West Meadowlark CL,AGM/Social,Direct
West Meadowlark CL,Appreciation Dinner,Indirect
West Meadowlark CL,Babysitting Course,Indirect
West Meadowlark CL,Big Bin Event,Direct
West Meadowlark CL,Breakfast with Santa,Direct
West Meadowlark CL,Clean Up Park/Garden Prep,Direct
West Meadowlark CL,Community Swim,Indirect
West Meadowlark CL,Craft Buddies,Direct
West Meadowlark CL,Dance,Indirect
West Meadowlark CL,Dog parade and social,Direct
West Meadowlark CL,Dog photos with Santa,Direct
West Meadowlark CL,Garage Sale,Direct
West Meadowlark CL,Garden Meet and Greet,Direct
West Meadowlark CL,Green Shack/CoE,Indirect
West Meadowlark CL,Guitar Lessons,Indirect
West Meadowlark CL,Guitar/Dance Showcase,Direct
West Meadowlark CL,Lighting Path Meetings,Direct
West Meadowlark CL,Membership BBQ,Direct
West Meadowlark CL,Movie Matinee,Direct
West Meadowlark CL,Sewing Club,Direct
West Meadowlark CL,Tai Chi,Indirect
West Meadowlark CL,Town Hall Meeting,Direct
West Meadowlark CL,WMCL Board Meetings,Direct
West Meadowlark CL,WMCL Craft Sale,Direct
West Meadowlark CL,Walking Club,Indirect
West Meadowlark CL,Workout Buddies Club,Direct
West Meadowlark CL,Yoga for Adults,Indirect
West Meadowlark CL,Yoga for Parent/Tot,Indirect
West Meadowlark CL,Yoga for Seniors,Indirect
West Meadowlark CL,Zumba,Indirect
Westmount CL,Amazing Race,Direct
Westmount CL,Beer Club,Direct
Westmount CL,Children's Christmas Party,Direct
Westmount CL,Discovery Time Preschool,Direct
Westmount CL,Indoor Playground,Direct
Westmount CL,Indoor Soccer,Indirect
Westmount CL,Learn to Skate,Indirect
Westmount CL,Little Skaters,Direct
Westmount CL,Off Leash Dog Park,Direct
Westmount CL,Outdoor Soccer,Indirect
Westmount CL,Pancake Breakfast,Direct
Westmount CL,Seniors Social,Direct
Westmount CL,Women's Shiny,Direct
Westridge Wolf Willow Country Club,Basket Ball,Indirect
Westridge Wolf Willow Country Club,Eats and Beats,Direct
Westridge Wolf Willow Country Club,Pickleball,Direct
Westridge Wolf Willow Country Club,Soccer Windup Party,Direct
Westridge Wolf Willow Country Club,Summer Kickoff Party,Direct
Westridge Wolf Willow Country Club,Winter Holiday Market,Direct
Westview Village Community Association,Adult Social,Direct
Westview Village Community Association,Bingo Bash,Direct
Westview Village Community Association,Bugle - Newsletter,Direct
Westview Village Community Association,Christmas Tree Lightup,Direct
Westview Village Community Association,EFCL Day,Direct
Westview Village Community Association,Easter Bunny Hop,Direct
Westview Village Community Association,Edm Mobile Library,Indirect
Westview Village Community Association,Fabulous 50's,Direct
Westview Village Community Association,Fathers Day,Direct
Westview Village Community Association,Garage Sale,Indirect
Westview Village Community Association,Green Shack,Indirect
Westview Village Community Association,Meet & Greet,Direct
Westview Village Community Association,Membership Drive,Direct
Westview Village Community Association,Mothers Day,Direct
Westview Village Community Association,Night Market,Direct
Westview Village Community Association,Pool Party,Direct
Westview Village Community Association,Supper - Fall,Indirect
Westview Village Community Association,Supper - Spring,Indirect
Westview Village Community Association,Unpack & Play,Indirect
Westview Village Community Association,Westview Days,Direct
Westview Village Community Association,Yoga Classes,Direct
Westview Village Community Association,Youth Night,Direct
Westwood CL,Annual Summer Celebration,Direct
Westwood CL,Big Bin Event,Direct
Westwood CL,Block Parties,Direct
Westwood CL,Green Shack,Indirect
Westwood CL,Karaoke Night,Direct
Westwood CL,Yoga,Indirect
Willowby CL,2 outdoor skating rinks,Direct
Willowby CL,City of Edmonton Day Camps,Indirect
Willowby CL,City of Edmonton Green Shack,Indirect
Willowby CL,Community Garage Sale,Direct
Willowby CL,Community Ski Night,Both
Willowby CL,Community Swim,Indirect
Willowby CL,Communty Shred,Direct
Willowby CL,Girl Guides,Indirect
Willowby CL,Home Alone Course,Indirect
Willowby CL,Indoor Soccer,Direct
Willowby CL,Kids Yoga,Indirect
Willowby CL,Little Birds Music Classes,Indirect
Willowby CL,Outdoor Soccer,Direct
Willowby CL,Playgroup,Indirect
Willowby CL,Playschool,Direct
Willowby CL,Winter Festival,Direct
Windsor Park CL,Annual General Meeting,Direct
Windsor Park CL,Christmas Caroling Party,Direct
Windsor Park CL,County Fair Social Event,Direct
Windsor Park CL,EDO Lecture Serie,Direct
Windsor Park CL,Gardening Club,Direct
Windsor Park CL,Halloween Party,Direct
Windsor Park CL,Older Adult Fitness Class,Direct
Windsor Park CL,Park Amenity Planning Committee,Direct
Windsor Park CL,Preschool Open House,Indirect
Windsor Park CL,Seed Exchange,Direct
Windsor Park CL,Sustainability Committee,Direct
Windsor Park CL,Sustainability Talks,Direct
Windsor Park CL,Weekly Yoga,Direct
Windsor Park CL,Windsor Park Preschool,Indirect
Woodcroft Community League,New Years Eve party,Direct
Woodcroft Community League,Paint Night,Indirect
Woodcroft Community League,Pub Nights,Direct
Woodcroft Community League,Singers event,Indirect
Woodcroft Community League,Volleyball classes,Indirect
Woodcroft Community League,Wine Tasting,Indirect
Woodcroft Community League,Woodcroft Singers practice,Direct
Woodvale Community League  The,Big Bin,Direct
Woodvale Community League  The,Community League Day,Direct
Woodvale Community League  The,Volunteer Appreciation,Direct
Yellowbird (East) Community League,C O E Greenshack,Indirect
Yellowbird (East) Community League,Annual Membership,Direct
Yellowbird (East) Community League,Community Garden,Direct
Yellowbird (East) Community League,Cornerstone Christian Church,Indirect
Yellowbird (East) Community League,Craft Fair,Direct
Yellowbird (East) Community League,Family Day Event,Direct
Yellowbird (East) Community League,Free Community Swim,Indirect
Yellowbird (East) Community League,Girl Guides,Indirect
Yellowbird (East) Community League,Indoor Soccor,Indirect
Yellowbird (East) Community League,Outdoor Skating Rink,Direct
Yellowbird (East) Community League,Parents and Tots Playgroup,Direct
Yellowbird (East) Community League,Pumpkin Patch Party,Direct
Yellowbird (East) Community League,Ruth's Yoga,Direct
Yellowbird (East) Community League,SWAC,Direct
Yellowbird (East) Community League,SWEMSA,Indirect
Yellowbird (East) Community League,Scouts Canada,Indirect
Yellowbird (East) Community League,Softball,Indirect
Yellowbird (East) Community League,Sportball,Indirect
Yellowbird (East) Community League,Swing and Skate,Direct
Yellowbird (East) Community League,Tennis,Direct
Yellowbird (East) Community League,YMCA Day Camp,Indirect
